{"cameraMode":{"drawMode":0,"name":"Shaded","section":"Shading Mode"},"sceneLighting":true,"audioPlay":false,"sceneViewState":{"showFog":true,"showMaterialUpdate":false,"showSkybox":true,"showFlares":true,"showImageEffects":true,"showParticleSystems":true},"in2DMode":false,"pivot":{"x":-2.7869181632995607,"y":-56.239173889160159,"z":116.49390411376953},"rotation":{"x":0.22602660953998567,"y":-0.0070222001522779469,"z":0.0016271518543362618,"w":0.9740944504737854},"size":132.93450927734376,"orthographic":false}