{"cameraMode":{"drawMode":0,"name":"Shaded","section":"Shading Mode"},"sceneLighting":false,"audioPlay":false,"sceneViewState":{"showFog":true,"showMaterialUpdate":false,"showSkybox":true,"showFlares":true,"showImageEffects":true,"showParticleSystems":true},"in2DMode":false,"pivot":{"x":9.321043014526368,"y":10.260266304016114,"z":8.541982650756836},"rotation":{"x":0.016904136165976526,"y":0.2946116030216217,"z":0.005212259013205767,"w":-0.9554533362388611},"size":10.516558647155762,"orthographic":false}