{"cameraMode":{"drawMode":0,"name":"Shaded","section":"Shading Mode"},"sceneLighting":true,"audioPlay":false,"sceneViewState":{"showFog":false,"showMaterialUpdate":false,"showSkybox":false,"showFlares":false,"showImageEffects":false,"showParticleSystems":false},"in2DMode":false,"pivot":{"x":-0.08430948853492737,"y":0.9445273876190186,"z":0.2659270763397217},"rotation":{"x":-0.00838280376046896,"y":-0.9914654493331909,"z":0.10028959065675736,"w":-0.08287426829338074},"size":2.4732701778411867,"orthographic":false}