{"cameraMode":{"drawMode":0,"name":"Shaded","section":"Shading Mode"},"sceneLighting":true,"audioPlay":false,"sceneViewState":{"showFog":false,"showMaterialUpdate":false,"showSkybox":false,"showFlares":false,"showImageEffects":false,"showParticleSystems":false},"in2DMode":false,"pivot":{"x":-0.24420452117919923,"y":1.210033893585205,"z":1.350973129272461},"rotation":{"x":-0.21097031235694886,"y":0.6271935105323792,"z":-0.18192175030708314,"w":-0.7273406386375427},"size":2.6142990589141847,"orthographic":false}