{"cameraMode":{"drawMode":0,"name":"Shaded","section":"Shading Mode"},"sceneLighting":false,"audioPlay":false,"sceneViewState":{"showFog":false,"showMaterialUpdate":false,"showSkybox":false,"showFlares":false,"showImageEffects":false,"showParticleSystems":false},"in2DMode":false,"pivot":{"x":0.19905151426792146,"y":0.8494124412536621,"z":-0.1822044849395752},"rotation":{"x":-0.012380877509713173,"y":0.9680745601654053,"z":-0.24555306136608125,"w":-0.04880725219845772},"size":2.014299154281616,"orthographic":false}