{"cameraMode":{"drawMode":0,"name":"Shaded","section":"Shading Mode"},"sceneLighting":false,"audioPlay":false,"sceneViewState":{"showFog":true,"showMaterialUpdate":false,"showSkybox":true,"showFlares":true,"showImageEffects":true,"showParticleSystems":true},"in2DMode":false,"pivot":{"x":0.6678645610809326,"y":5.795317649841309,"z":13.199159622192383},"rotation":{"x":-0.2677967846393585,"y":0.254315048456192,"z":-0.07351463288068772,"w":-0.9263932108879089},"size":6.795233249664307,"orthographic":false}