{"cameraMode":{"drawMode":0,"name":"Shaded","section":"Shading Mode"},"sceneLighting":true,"audioPlay":false,"sceneViewState":{"showFog":true,"showMaterialUpdate":true,"showSkybox":true,"showFlares":true,"showImageEffects":true,"showParticleSystems":true},"in2DMode":false,"pivot":{"x":-25.11212158203125,"y":-17.354732513427736,"z":53.56547927856445},"rotation":{"x":-0.2092454731464386,"y":0.25333160161972048,"z":-0.056224275380373,"w":-0.9428034424781799},"size":58.54426193237305,"orthographic":false}