{"cameraMode":{"drawMode":0,"name":"Shaded","section":"Shading Mode"},"sceneLighting":false,"audioPlay":false,"sceneViewState":{"showFog":true,"showMaterialUpdate":true,"showSkybox":true,"showFlares":true,"showImageEffects":true,"showParticleSystems":true},"in2DMode":false,"pivot":{"x":0.14500001072883607,"y":0.24500000476837159,"z":-0.4950000047683716},"rotation":{"x":-0.2092454731464386,"y":0.25333160161972048,"z":-0.056224275380373,"w":-0.9428034424781799},"size":6.08521032333374,"orthographic":false}